Title,Price,Date
Funny Got Data MIS Data Systems Business Analyst Sweatshirt,31.99,26/07/2023
Funny Got Data MIS Data Systems Business Analyst Sweatshirt,31.99,26/07/2023
Funny Got Data MIS Data Systems Business Analyst Sweatshirt,31.99,26/07/2023
Funny Got Data MIS Data Systems Business Analyst Sweatshirt,31.99,26/07/2023
Funny Got Data MIS Data Systems Business Analyst Sweatshirt,31.99,26/07/2023
Funny Got Data MIS Data Systems Business Analyst Sweatshirt,31.99,26/07/2023
Funny Got Data MIS Data Systems Business Analyst Sweatshirt,31.99,26/07/2023
Funny Got Data MIS Data Systems Business Analyst Sweatshirt,31.99,26/07/2023
Funny Got Data MIS Data Systems Business Analyst Sweatshirt,31.99,26/07/2023
Funny Got Data MIS Data Systems Business Analyst Sweatshirt,31.99,27/07/2023